"(x,y)",Year,Month,Town,Block,Floor_Area,Flat_Model,Lease_Commence_Date,Price_Per_Square_Meter
"(1, 80)",2017,08,8,123,130,Improved,1985,2731
"(1, 81)",2017,08,8,123,130,Improved,1985,2731
"(1, 82)",2017,08,8,123,130,Improved,1985,2731
"(1, 83)",2017,08,8,123,130,Improved,1985,2731
"(1, 84)",2017,08,8,123,130,Improved,1985,2731
"(1, 85)",2017,08,8,123,130,Improved,1985,2731
"(1, 86)",2017,08,8,123,130,Improved,1985,2731
"(1, 87)",2017,08,8,123,130,Improved,1985,2731
"(1, 88)",2017,08,8,123,130,Improved,1985,2731
"(1, 89)",2017,08,8,123,130,Improved,1985,2731
"(1, 90)",2017,08,8,123,130,Improved,1985,2731
"(1, 91)",2017,08,8,123,130,Improved,1985,2731
"(1, 92)",2017,08,8,123,130,Improved,1985,2731
"(1, 93)",2017,08,8,123,130,Improved,1985,2731
"(1, 94)",2017,08,8,123,130,Improved,1985,2731
"(1, 95)",2017,08,8,123,130,Improved,1985,2731
"(1, 96)",2017,08,8,123,130,Improved,1985,2731
"(1, 97)",2017,08,8,123,130,Improved,1985,2731
"(1, 98)",2017,08,8,123,130,Improved,1985,2731
"(1, 99)",2017,08,8,123,130,Improved,1985,2731
"(1, 100)",2017,08,8,123,130,Improved,1985,2731
"(1, 101)",2017,08,8,123,130,Improved,1985,2731
"(1, 102)",2017,08,8,123,130,Improved,1985,2731
"(1, 103)",2017,08,8,123,130,Improved,1985,2731
"(1, 104)",2017,08,8,123,130,Improved,1985,2731
"(1, 105)",2017,08,8,123,130,Improved,1985,2731
"(1, 106)",2017,08,8,123,130,Improved,1985,2731
"(1, 107)",2017,08,8,123,130,Improved,1985,2731
"(1, 108)",2017,08,8,123,130,Improved,1985,2731
"(1, 109)",2017,08,8,123,130,Improved,1985,2731
"(1, 110)",2017,08,8,123,130,Improved,1985,2731
"(1, 111)",2017,08,8,123,130,Improved,1985,2731
"(1, 112)",2017,08,8,123,130,Improved,1985,2731
"(1, 113)",2017,08,8,123,130,Improved,1985,2731
"(1, 114)",2017,08,8,123,130,Improved,1985,2731
"(1, 115)",2017,08,8,123,130,Improved,1985,2731
"(1, 116)",2017,08,8,123,130,Improved,1985,2731
"(1, 117)",2017,08,8,123,130,Improved,1985,2731
"(1, 118)",2017,08,8,123,130,Improved,1985,2731
"(1, 119)",2017,08,8,123,130,Improved,1985,2731
"(1, 120)",2017,08,8,123,130,Improved,1985,2731
"(1, 121)",2017,08,8,123,130,Improved,1985,2731
"(1, 122)",2017,08,8,123,130,Improved,1985,2731
"(1, 123)",2017,08,8,123,130,Improved,1985,2731
"(1, 124)",2017,08,8,123,130,Improved,1985,2731
"(1, 125)",2017,08,8,123,130,Improved,1985,2731
"(1, 126)",2017,08,8,123,130,Improved,1985,2731
"(1, 127)",2017,08,8,123,130,Improved,1985,2731
"(1, 128)",2017,08,8,123,130,Improved,1985,2731
"(1, 129)",2017,08,8,123,130,Improved,1985,2731
"(1, 130)",2017,08,8,123,130,Improved,1985,2731
"(1, 131)",2017,08,8,403,137,Model A,1995,3285
"(1, 132)",2017,08,8,403,137,Model A,1995,3285
"(1, 133)",2017,08,8,403,137,Model A,1995,3285
"(1, 134)",2017,08,8,403,137,Model A,1995,3285
"(1, 135)",2017,08,8,403,137,Model A,1995,3285
"(1, 136)",2017,08,8,403,137,Model A,1995,3285
"(1, 137)",2017,08,8,403,137,Model A,1995,3285
"(1, 138)",2017,08,8,789,143,Apartment,1997,3566
"(1, 139)",2017,08,8,789,143,Apartment,1997,3566
"(1, 140)",2017,08,8,789,143,Apartment,1997,3566
"(1, 141)",2017,08,8,789,143,Apartment,1997,3566
"(1, 142)",2017,08,8,789,143,Apartment,1997,3566
"(1, 143)",2017,08,8,789,143,Apartment,1997,3566
"(1, 144)",2017,08,8,341,176,Apartment,1995,3682
"(1, 145)",2017,08,8,341,176,Apartment,1995,3682
"(1, 146)",2017,08,8,341,176,Apartment,1995,3682
"(1, 147)",2017,08,8,341,176,Apartment,1995,3682
"(1, 148)",2017,08,8,341,176,Apartment,1995,3682
"(1, 149)",2017,08,8,341,176,Apartment,1995,3682
"(1, 150)",2017,08,8,341,176,Apartment,1995,3682
"(2, 80)",2017,08,8,123,130,Improved,1985,2731
"(2, 81)",2017,08,8,123,130,Improved,1985,2731
"(2, 82)",2017,08,8,123,130,Improved,1985,2731
"(2, 83)",2017,08,8,123,130,Improved,1985,2731
"(2, 84)",2017,08,8,123,130,Improved,1985,2731
"(2, 85)",2017,08,8,123,130,Improved,1985,2731
"(2, 86)",2017,08,8,123,130,Improved,1985,2731
"(2, 87)",2017,08,8,123,130,Improved,1985,2731
"(2, 88)",2017,08,8,123,130,Improved,1985,2731
"(2, 89)",2017,08,8,123,130,Improved,1985,2731
"(2, 90)",2017,08,8,123,130,Improved,1985,2731
"(2, 91)",2017,08,8,123,130,Improved,1985,2731
"(2, 92)",2017,08,8,123,130,Improved,1985,2731
"(2, 93)",2017,08,8,123,130,Improved,1985,2731
"(2, 94)",2017,08,8,123,130,Improved,1985,2731
"(2, 95)",2017,08,8,123,130,Improved,1985,2731
"(2, 96)",2017,08,8,123,130,Improved,1985,2731
"(2, 97)",2017,08,8,123,130,Improved,1985,2731
"(2, 98)",2017,08,8,123,130,Improved,1985,2731
"(2, 99)",2017,08,8,123,130,Improved,1985,2731
"(2, 100)",2017,08,8,123,130,Improved,1985,2731
"(2, 101)",2017,08,8,123,130,Improved,1985,2731
"(2, 102)",2017,08,8,123,130,Improved,1985,2731
"(2, 103)",2017,08,8,123,130,Improved,1985,2731
"(2, 104)",2017,08,8,123,130,Improved,1985,2731
"(2, 105)",2017,08,8,123,130,Improved,1985,2731
"(2, 106)",2017,08,8,123,130,Improved,1985,2731
"(2, 107)",2017,08,8,123,130,Improved,1985,2731
"(2, 108)",2017,08,8,123,130,Improved,1985,2731
"(2, 109)",2017,08,8,123,130,Improved,1985,2731
"(2, 110)",2017,08,8,123,130,Improved,1985,2731
"(2, 111)",2017,08,8,123,130,Improved,1985,2731
"(2, 112)",2017,08,8,123,130,Improved,1985,2731
"(2, 113)",2017,08,8,123,130,Improved,1985,2731
"(2, 114)",2017,08,8,123,130,Improved,1985,2731
"(2, 115)",2017,08,8,123,130,Improved,1985,2731
"(2, 116)",2017,08,8,123,130,Improved,1985,2731
"(2, 117)",2017,08,8,123,130,Improved,1985,2731
"(2, 118)",2017,08,8,123,130,Improved,1985,2731
"(2, 119)",2017,08,8,123,130,Improved,1985,2731
"(2, 120)",2017,08,8,123,130,Improved,1985,2731
"(2, 121)",2017,08,8,123,130,Improved,1985,2731
"(2, 122)",2017,08,8,123,130,Improved,1985,2731
"(2, 123)",2017,08,8,123,130,Improved,1985,2731
"(2, 124)",2017,08,8,123,130,Improved,1985,2731
"(2, 125)",2017,08,8,123,130,Improved,1985,2731
"(2, 126)",2017,08,8,123,130,Improved,1985,2731
"(2, 127)",2017,08,8,123,130,Improved,1985,2731
"(2, 128)",2017,08,8,123,130,Improved,1985,2731
"(2, 129)",2017,08,8,123,130,Improved,1985,2731
"(2, 130)",2017,08,8,123,130,Improved,1985,2731
"(2, 131)",2017,09,8,170,137,Model A,1994,3139
"(2, 132)",2017,09,8,170,137,Model A,1994,3139
"(2, 133)",2017,09,8,170,137,Model A,1994,3139
"(2, 134)",2017,09,8,170,137,Model A,1994,3139
"(2, 135)",2017,09,8,170,137,Model A,1994,3139
"(2, 136)",2017,09,8,170,137,Model A,1994,3139
"(2, 137)",2017,09,8,170,137,Model A,1994,3139
"(2, 138)",2017,09,8,536,145,Premium Apartment,1999,3345
"(2, 139)",2017,09,8,536,145,Premium Apartment,1999,3345
"(2, 140)",2017,09,8,536,145,Premium Apartment,1999,3345
"(2, 141)",2017,09,8,536,145,Premium Apartment,1999,3345
"(2, 142)",2017,09,8,536,145,Premium Apartment,1999,3345
"(2, 143)",2017,09,8,536,145,Premium Apartment,1999,3345
"(2, 144)",2017,09,8,536,145,Premium Apartment,1999,3345
"(2, 145)",2017,09,8,536,145,Premium Apartment,1999,3345
"(2, 146)",2017,09,8,114,170,Apartment,1995,3647
"(2, 147)",2017,09,8,114,170,Apartment,1995,3647
"(2, 148)",2017,09,8,114,170,Apartment,1995,3647
"(2, 149)",2017,09,8,114,170,Apartment,1995,3647
"(2, 150)",2017,09,8,114,170,Apartment,1995,3647
"(3, 80)",2017,08,8,123,130,Improved,1985,2731
"(3, 81)",2017,08,8,123,130,Improved,1985,2731
"(3, 82)",2017,08,8,123,130,Improved,1985,2731
"(3, 83)",2017,08,8,123,130,Improved,1985,2731
"(3, 84)",2017,08,8,123,130,Improved,1985,2731
"(3, 85)",2017,08,8,123,130,Improved,1985,2731
"(3, 86)",2017,08,8,123,130,Improved,1985,2731
"(3, 87)",2017,08,8,123,130,Improved,1985,2731
"(3, 88)",2017,08,8,123,130,Improved,1985,2731
"(3, 89)",2017,08,8,123,130,Improved,1985,2731
"(3, 90)",2017,08,8,123,130,Improved,1985,2731
"(3, 91)",2017,08,8,123,130,Improved,1985,2731
"(3, 92)",2017,08,8,123,130,Improved,1985,2731
"(3, 93)",2017,08,8,123,130,Improved,1985,2731
"(3, 94)",2017,08,8,123,130,Improved,1985,2731
"(3, 95)",2017,08,8,123,130,Improved,1985,2731
"(3, 96)",2017,08,8,123,130,Improved,1985,2731
"(3, 97)",2017,08,8,123,130,Improved,1985,2731
"(3, 98)",2017,08,8,123,130,Improved,1985,2731
"(3, 99)",2017,08,8,123,130,Improved,1985,2731
"(3, 100)",2017,08,8,123,130,Improved,1985,2731
"(3, 101)",2017,08,8,123,130,Improved,1985,2731
"(3, 102)",2017,08,8,123,130,Improved,1985,2731
"(3, 103)",2017,08,8,123,130,Improved,1985,2731
"(3, 104)",2017,08,8,123,130,Improved,1985,2731
"(3, 105)",2017,08,8,123,130,Improved,1985,2731
"(3, 106)",2017,08,8,123,130,Improved,1985,2731
"(3, 107)",2017,08,8,123,130,Improved,1985,2731
"(3, 108)",2017,08,8,123,130,Improved,1985,2731
"(3, 109)",2017,08,8,123,130,Improved,1985,2731
"(3, 110)",2017,08,8,123,130,Improved,1985,2731
"(3, 111)",2017,08,8,123,130,Improved,1985,2731
"(3, 112)",2017,08,8,123,130,Improved,1985,2731
"(3, 113)",2017,08,8,123,130,Improved,1985,2731
"(3, 114)",2017,08,8,123,130,Improved,1985,2731
"(3, 115)",2017,08,8,123,130,Improved,1985,2731
"(3, 116)",2017,08,8,123,130,Improved,1985,2731
"(3, 117)",2017,08,8,123,130,Improved,1985,2731
"(3, 118)",2017,08,8,123,130,Improved,1985,2731
"(3, 119)",2017,08,8,123,130,Improved,1985,2731
"(3, 120)",2017,08,8,123,130,Improved,1985,2731
"(3, 121)",2017,08,8,123,130,Improved,1985,2731
"(3, 122)",2017,08,8,123,130,Improved,1985,2731
"(3, 123)",2017,08,8,123,130,Improved,1985,2731
"(3, 124)",2017,08,8,123,130,Improved,1985,2731
"(3, 125)",2017,08,8,123,130,Improved,1985,2731
"(3, 126)",2017,08,8,123,130,Improved,1985,2731
"(3, 127)",2017,08,8,123,130,Improved,1985,2731
"(3, 128)",2017,08,8,123,130,Improved,1985,2731
"(3, 129)",2017,08,8,123,130,Improved,1985,2731
"(3, 130)",2017,08,8,123,130,Improved,1985,2731
"(3, 131)",2017,10,8,141,134,Model A,1995,2978
"(3, 132)",2017,10,8,141,134,Model A,1995,2978
"(3, 133)",2017,10,8,141,134,Model A,1995,2978
"(3, 134)",2017,10,8,141,134,Model A,1995,2978
"(3, 135)",2017,09,8,170,137,Model A,1994,3139
"(3, 136)",2017,09,8,170,137,Model A,1994,3139
"(3, 137)",2017,09,8,170,137,Model A,1994,3139
"(3, 138)",2017,09,8,536,145,Premium Apartment,1999,3345
"(3, 139)",2017,09,8,536,145,Premium Apartment,1999,3345
"(3, 140)",2017,09,8,536,145,Premium Apartment,1999,3345
"(3, 141)",2017,09,8,536,145,Premium Apartment,1999,3345
"(3, 142)",2017,09,8,536,145,Premium Apartment,1999,3345
"(3, 143)",2017,09,8,536,145,Premium Apartment,1999,3345
"(3, 144)",2017,09,8,536,145,Premium Apartment,1999,3345
"(3, 145)",2017,09,8,536,145,Premium Apartment,1999,3345
"(3, 146)",2017,10,8,834,147,Apartment,1994,3537
"(3, 147)",2017,10,8,834,147,Apartment,1994,3537
"(3, 148)",2017,09,8,114,170,Apartment,1995,3647
"(3, 149)",2017,09,8,114,170,Apartment,1995,3647
"(3, 150)",2017,09,8,114,170,Apartment,1995,3647
"(4, 80)",2017,08,8,123,130,Improved,1985,2731
"(4, 81)",2017,08,8,123,130,Improved,1985,2731
"(4, 82)",2017,08,8,123,130,Improved,1985,2731
"(4, 83)",2017,08,8,123,130,Improved,1985,2731
"(4, 84)",2017,08,8,123,130,Improved,1985,2731
"(4, 85)",2017,08,8,123,130,Improved,1985,2731
"(4, 86)",2017,08,8,123,130,Improved,1985,2731
"(4, 87)",2017,08,8,123,130,Improved,1985,2731
"(4, 88)",2017,08,8,123,130,Improved,1985,2731
"(4, 89)",2017,08,8,123,130,Improved,1985,2731
"(4, 90)",2017,08,8,123,130,Improved,1985,2731
"(4, 91)",2017,08,8,123,130,Improved,1985,2731
"(4, 92)",2017,08,8,123,130,Improved,1985,2731
"(4, 93)",2017,08,8,123,130,Improved,1985,2731
"(4, 94)",2017,08,8,123,130,Improved,1985,2731
"(4, 95)",2017,08,8,123,130,Improved,1985,2731
"(4, 96)",2017,08,8,123,130,Improved,1985,2731
"(4, 97)",2017,08,8,123,130,Improved,1985,2731
"(4, 98)",2017,08,8,123,130,Improved,1985,2731
"(4, 99)",2017,08,8,123,130,Improved,1985,2731
"(4, 100)",2017,08,8,123,130,Improved,1985,2731
"(4, 101)",2017,08,8,123,130,Improved,1985,2731
"(4, 102)",2017,08,8,123,130,Improved,1985,2731
"(4, 103)",2017,08,8,123,130,Improved,1985,2731
"(4, 104)",2017,08,8,123,130,Improved,1985,2731
"(4, 105)",2017,08,8,123,130,Improved,1985,2731
"(4, 106)",2017,08,8,123,130,Improved,1985,2731
"(4, 107)",2017,08,8,123,130,Improved,1985,2731
"(4, 108)",2017,08,8,123,130,Improved,1985,2731
"(4, 109)",2017,08,8,123,130,Improved,1985,2731
"(4, 110)",2017,08,8,123,130,Improved,1985,2731
"(4, 111)",2017,08,8,123,130,Improved,1985,2731
"(4, 112)",2017,08,8,123,130,Improved,1985,2731
"(4, 113)",2017,08,8,123,130,Improved,1985,2731
"(4, 114)",2017,08,8,123,130,Improved,1985,2731
"(4, 115)",2017,08,8,123,130,Improved,1985,2731
"(4, 116)",2017,08,8,123,130,Improved,1985,2731
"(4, 117)",2017,08,8,123,130,Improved,1985,2731
"(4, 118)",2017,08,8,123,130,Improved,1985,2731
"(4, 119)",2017,08,8,123,130,Improved,1985,2731
"(4, 120)",2017,08,8,123,130,Improved,1985,2731
"(4, 121)",2017,08,8,123,130,Improved,1985,2731
"(4, 122)",2017,08,8,123,130,Improved,1985,2731
"(4, 123)",2017,08,8,123,130,Improved,1985,2731
"(4, 124)",2017,08,8,123,130,Improved,1985,2731
"(4, 125)",2017,08,8,123,130,Improved,1985,2731
"(4, 126)",2017,08,8,123,130,Improved,1985,2731
"(4, 127)",2017,08,8,123,130,Improved,1985,2731
"(4, 128)",2017,08,8,123,130,Improved,1985,2731
"(4, 129)",2017,08,8,123,130,Improved,1985,2731
"(4, 130)",2017,08,8,123,130,Improved,1985,2731
"(4, 131)",2017,10,8,141,134,Model A,1995,2978
"(4, 132)",2017,10,8,141,134,Model A,1995,2978
"(4, 133)",2017,10,8,141,134,Model A,1995,2978
"(4, 134)",2017,10,8,141,134,Model A,1995,2978
"(4, 135)",2017,09,8,170,137,Model A,1994,3139
"(4, 136)",2017,09,8,170,137,Model A,1994,3139
"(4, 137)",2017,09,8,170,137,Model A,1994,3139
"(4, 138)",2017,09,8,536,145,Premium Apartment,1999,3345
"(4, 139)",2017,09,8,536,145,Premium Apartment,1999,3345
"(4, 140)",2017,09,8,536,145,Premium Apartment,1999,3345
"(4, 141)",2017,09,8,536,145,Premium Apartment,1999,3345
"(4, 142)",2017,09,8,536,145,Premium Apartment,1999,3345
"(4, 143)",2017,09,8,536,145,Premium Apartment,1999,3345
"(4, 144)",2017,09,8,536,145,Premium Apartment,1999,3345
"(4, 145)",2017,09,8,536,145,Premium Apartment,1999,3345
"(4, 146)",2017,10,8,834,147,Apartment,1994,3537
"(4, 147)",2017,10,8,834,147,Apartment,1994,3537
"(4, 148)",2017,09,8,114,170,Apartment,1995,3647
"(4, 149)",2017,09,8,114,170,Apartment,1995,3647
"(4, 150)",2017,09,8,114,170,Apartment,1995,3647
"(5, 80)",2017,08,8,123,130,Improved,1985,2731
"(5, 81)",2017,08,8,123,130,Improved,1985,2731
"(5, 82)",2017,08,8,123,130,Improved,1985,2731
"(5, 83)",2017,08,8,123,130,Improved,1985,2731
"(5, 84)",2017,08,8,123,130,Improved,1985,2731
"(5, 85)",2017,08,8,123,130,Improved,1985,2731
"(5, 86)",2017,08,8,123,130,Improved,1985,2731
"(5, 87)",2017,08,8,123,130,Improved,1985,2731
"(5, 88)",2017,08,8,123,130,Improved,1985,2731
"(5, 89)",2017,08,8,123,130,Improved,1985,2731
"(5, 90)",2017,08,8,123,130,Improved,1985,2731
"(5, 91)",2017,08,8,123,130,Improved,1985,2731
"(5, 92)",2017,08,8,123,130,Improved,1985,2731
"(5, 93)",2017,08,8,123,130,Improved,1985,2731
"(5, 94)",2017,08,8,123,130,Improved,1985,2731
"(5, 95)",2017,08,8,123,130,Improved,1985,2731
"(5, 96)",2017,08,8,123,130,Improved,1985,2731
"(5, 97)",2017,08,8,123,130,Improved,1985,2731
"(5, 98)",2017,08,8,123,130,Improved,1985,2731
"(5, 99)",2017,08,8,123,130,Improved,1985,2731
"(5, 100)",2017,08,8,123,130,Improved,1985,2731
"(5, 101)",2017,08,8,123,130,Improved,1985,2731
"(5, 102)",2017,08,8,123,130,Improved,1985,2731
"(5, 103)",2017,08,8,123,130,Improved,1985,2731
"(5, 104)",2017,08,8,123,130,Improved,1985,2731
"(5, 105)",2017,08,8,123,130,Improved,1985,2731
"(5, 106)",2017,08,8,123,130,Improved,1985,2731
"(5, 107)",2017,08,8,123,130,Improved,1985,2731
"(5, 108)",2017,08,8,123,130,Improved,1985,2731
"(5, 109)",2017,08,8,123,130,Improved,1985,2731
"(5, 110)",2017,08,8,123,130,Improved,1985,2731
"(5, 111)",2017,08,8,123,130,Improved,1985,2731
"(5, 112)",2017,08,8,123,130,Improved,1985,2731
"(5, 113)",2017,08,8,123,130,Improved,1985,2731
"(5, 114)",2017,08,8,123,130,Improved,1985,2731
"(5, 115)",2017,08,8,123,130,Improved,1985,2731
"(5, 116)",2017,08,8,123,130,Improved,1985,2731
"(5, 117)",2017,08,8,123,130,Improved,1985,2731
"(5, 118)",2017,08,8,123,130,Improved,1985,2731
"(5, 119)",2017,08,8,123,130,Improved,1985,2731
"(5, 120)",2017,08,8,123,130,Improved,1985,2731
"(5, 121)",2017,08,8,123,130,Improved,1985,2731
"(5, 122)",2017,08,8,123,130,Improved,1985,2731
"(5, 123)",2017,08,8,123,130,Improved,1985,2731
"(5, 124)",2017,08,8,123,130,Improved,1985,2731
"(5, 125)",2017,08,8,123,130,Improved,1985,2731
"(5, 126)",2017,08,8,123,130,Improved,1985,2731
"(5, 127)",2017,08,8,123,130,Improved,1985,2731
"(5, 128)",2017,08,8,123,130,Improved,1985,2731
"(5, 129)",2017,08,8,123,130,Improved,1985,2731
"(5, 130)",2017,08,8,123,130,Improved,1985,2731
"(5, 131)",2017,10,8,141,134,Model A,1995,2978
"(5, 132)",2017,10,8,141,134,Model A,1995,2978
"(5, 133)",2017,10,8,141,134,Model A,1995,2978
"(5, 134)",2017,10,8,141,134,Model A,1995,2978
"(5, 135)",2017,09,8,170,137,Model A,1994,3139
"(5, 136)",2017,09,8,170,137,Model A,1994,3139
"(5, 137)",2017,09,8,170,137,Model A,1994,3139
"(5, 138)",2017,09,8,536,145,Premium Apartment,1999,3345
"(5, 139)",2017,09,8,536,145,Premium Apartment,1999,3345
"(5, 140)",2017,09,8,536,145,Premium Apartment,1999,3345
"(5, 141)",2017,09,8,536,145,Premium Apartment,1999,3345
"(5, 142)",2017,09,8,536,145,Premium Apartment,1999,3345
"(5, 143)",2017,09,8,536,145,Premium Apartment,1999,3345
"(5, 144)",2017,09,8,536,145,Premium Apartment,1999,3345
"(5, 145)",2017,09,8,536,145,Premium Apartment,1999,3345
"(5, 146)",2017,12,8,345,172,Apartment,1995,3488
"(5, 147)",2017,12,8,345,172,Apartment,1995,3488
"(5, 148)",2017,12,8,345,172,Apartment,1995,3488
"(5, 149)",2017,12,8,345,172,Apartment,1995,3488
"(5, 150)",2017,12,8,345,172,Apartment,1995,3488
"(6, 80)",2017,08,8,123,130,Improved,1985,2731
"(6, 81)",2017,08,8,123,130,Improved,1985,2731
"(6, 82)",2017,08,8,123,130,Improved,1985,2731
"(6, 83)",2017,08,8,123,130,Improved,1985,2731
"(6, 84)",2017,08,8,123,130,Improved,1985,2731
"(6, 85)",2017,08,8,123,130,Improved,1985,2731
"(6, 86)",2017,08,8,123,130,Improved,1985,2731
"(6, 87)",2017,08,8,123,130,Improved,1985,2731
"(6, 88)",2017,08,8,123,130,Improved,1985,2731
"(6, 89)",2017,08,8,123,130,Improved,1985,2731
"(6, 90)",2017,08,8,123,130,Improved,1985,2731
"(6, 91)",2017,08,8,123,130,Improved,1985,2731
"(6, 92)",2017,08,8,123,130,Improved,1985,2731
"(6, 93)",2017,08,8,123,130,Improved,1985,2731
"(6, 94)",2017,08,8,123,130,Improved,1985,2731
"(6, 95)",2017,08,8,123,130,Improved,1985,2731
"(6, 96)",2017,08,8,123,130,Improved,1985,2731
"(6, 97)",2017,08,8,123,130,Improved,1985,2731
"(6, 98)",2017,08,8,123,130,Improved,1985,2731
"(6, 99)",2017,08,8,123,130,Improved,1985,2731
"(6, 100)",2017,08,8,123,130,Improved,1985,2731
"(6, 101)",2017,08,8,123,130,Improved,1985,2731
"(6, 102)",2017,08,8,123,130,Improved,1985,2731
"(6, 103)",2017,08,8,123,130,Improved,1985,2731
"(6, 104)",2017,08,8,123,130,Improved,1985,2731
"(6, 105)",2017,08,8,123,130,Improved,1985,2731
"(6, 106)",2017,08,8,123,130,Improved,1985,2731
"(6, 107)",2017,08,8,123,130,Improved,1985,2731
"(6, 108)",2017,08,8,123,130,Improved,1985,2731
"(6, 109)",2017,08,8,123,130,Improved,1985,2731
"(6, 110)",2017,08,8,123,130,Improved,1985,2731
"(6, 111)",2017,08,8,123,130,Improved,1985,2731
"(6, 112)",2017,08,8,123,130,Improved,1985,2731
"(6, 113)",2017,08,8,123,130,Improved,1985,2731
"(6, 114)",2017,08,8,123,130,Improved,1985,2731
"(6, 115)",2017,08,8,123,130,Improved,1985,2731
"(6, 116)",2017,08,8,123,130,Improved,1985,2731
"(6, 117)",2017,08,8,123,130,Improved,1985,2731
"(6, 118)",2017,08,8,123,130,Improved,1985,2731
"(6, 119)",2017,08,8,123,130,Improved,1985,2731
"(6, 120)",2017,08,8,123,130,Improved,1985,2731
"(6, 121)",2017,08,8,123,130,Improved,1985,2731
"(6, 122)",2017,08,8,123,130,Improved,1985,2731
"(6, 123)",2017,08,8,123,130,Improved,1985,2731
"(6, 124)",2017,08,8,123,130,Improved,1985,2731
"(6, 125)",2017,08,8,123,130,Improved,1985,2731
"(6, 126)",2017,08,8,123,130,Improved,1985,2731
"(6, 127)",2017,08,8,123,130,Improved,1985,2731
"(6, 128)",2017,08,8,123,130,Improved,1985,2731
"(6, 129)",2017,08,8,123,130,Improved,1985,2731
"(6, 130)",2017,08,8,123,130,Improved,1985,2731
"(6, 131)",2017,10,8,141,134,Model A,1995,2978
"(6, 132)",2017,10,8,141,134,Model A,1995,2978
"(6, 133)",2017,10,8,141,134,Model A,1995,2978
"(6, 134)",2017,10,8,141,134,Model A,1995,2978
"(6, 135)",2017,09,8,170,137,Model A,1994,3139
"(6, 136)",2017,09,8,170,137,Model A,1994,3139
"(6, 137)",2017,09,8,170,137,Model A,1994,3139
"(6, 138)",2017,09,8,536,145,Premium Apartment,1999,3345
"(6, 139)",2017,09,8,536,145,Premium Apartment,1999,3345
"(6, 140)",2017,09,8,536,145,Premium Apartment,1999,3345
"(6, 141)",2017,09,8,536,145,Premium Apartment,1999,3345
"(6, 142)",2017,09,8,536,145,Premium Apartment,1999,3345
"(6, 143)",2017,09,8,536,145,Premium Apartment,1999,3345
"(6, 144)",2017,09,8,536,145,Premium Apartment,1999,3345
"(6, 145)",2017,09,8,536,145,Premium Apartment,1999,3345
"(6, 146)",2018,01,8,128,173,Apartment,1995,3353
"(6, 147)",2018,01,8,128,173,Apartment,1995,3353
"(6, 148)",2018,01,8,128,173,Apartment,1995,3353
"(6, 149)",2018,01,8,128,173,Apartment,1995,3353
"(6, 150)",2018,01,8,128,173,Apartment,1995,3353
"(7, 80)",2018,02,8,34,98,New Generation,1978,2582
"(7, 81)",2018,02,8,34,98,New Generation,1978,2582
"(7, 82)",2018,02,8,34,98,New Generation,1978,2582
"(7, 83)",2018,02,8,34,98,New Generation,1978,2582
"(7, 84)",2018,02,8,34,98,New Generation,1978,2582
"(7, 85)",2018,02,8,34,98,New Generation,1978,2582
"(7, 86)",2018,02,8,34,98,New Generation,1978,2582
"(7, 87)",2018,02,8,34,98,New Generation,1978,2582
"(7, 88)",2018,02,8,34,98,New Generation,1978,2582
"(7, 89)",2018,02,8,34,98,New Generation,1978,2582
"(7, 90)",2018,02,8,34,98,New Generation,1978,2582
"(7, 91)",2018,02,8,34,98,New Generation,1978,2582
"(7, 92)",2018,02,8,34,98,New Generation,1978,2582
"(7, 93)",2018,02,8,34,98,New Generation,1978,2582
"(7, 94)",2018,02,8,34,98,New Generation,1978,2582
"(7, 95)",2018,02,8,34,98,New Generation,1978,2582
"(7, 96)",2018,02,8,34,98,New Generation,1978,2582
"(7, 97)",2018,02,8,34,98,New Generation,1978,2582
"(7, 98)",2018,02,8,34,98,New Generation,1978,2582
"(7, 99)",2017,08,8,123,130,Improved,1985,2731
"(7, 100)",2017,08,8,123,130,Improved,1985,2731
"(7, 101)",2017,08,8,123,130,Improved,1985,2731
"(7, 102)",2017,08,8,123,130,Improved,1985,2731
"(7, 103)",2017,08,8,123,130,Improved,1985,2731
"(7, 104)",2017,08,8,123,130,Improved,1985,2731
"(7, 105)",2017,08,8,123,130,Improved,1985,2731
"(7, 106)",2017,08,8,123,130,Improved,1985,2731
"(7, 107)",2017,08,8,123,130,Improved,1985,2731
"(7, 108)",2017,08,8,123,130,Improved,1985,2731
"(7, 109)",2017,08,8,123,130,Improved,1985,2731
"(7, 110)",2017,08,8,123,130,Improved,1985,2731
"(7, 111)",2017,08,8,123,130,Improved,1985,2731
"(7, 112)",2017,08,8,123,130,Improved,1985,2731
"(7, 113)",2017,08,8,123,130,Improved,1985,2731
"(7, 114)",2017,08,8,123,130,Improved,1985,2731
"(7, 115)",2017,08,8,123,130,Improved,1985,2731
"(7, 116)",2017,08,8,123,130,Improved,1985,2731
"(7, 117)",2017,08,8,123,130,Improved,1985,2731
"(7, 118)",2017,08,8,123,130,Improved,1985,2731
"(7, 119)",2017,08,8,123,130,Improved,1985,2731
"(7, 120)",2017,08,8,123,130,Improved,1985,2731
"(7, 121)",2017,08,8,123,130,Improved,1985,2731
"(7, 122)",2017,08,8,123,130,Improved,1985,2731
"(7, 123)",2017,08,8,123,130,Improved,1985,2731
"(7, 124)",2017,08,8,123,130,Improved,1985,2731
"(7, 125)",2017,08,8,123,130,Improved,1985,2731
"(7, 126)",2017,08,8,123,130,Improved,1985,2731
"(7, 127)",2017,08,8,123,130,Improved,1985,2731
"(7, 128)",2017,08,8,123,130,Improved,1985,2731
"(7, 129)",2017,08,8,123,130,Improved,1985,2731
"(7, 130)",2017,08,8,123,130,Improved,1985,2731
"(7, 131)",2017,10,8,141,134,Model A,1995,2978
"(7, 132)",2017,10,8,141,134,Model A,1995,2978
"(7, 133)",2017,10,8,141,134,Model A,1995,2978
"(7, 134)",2017,10,8,141,134,Model A,1995,2978
"(7, 135)",2017,09,8,170,137,Model A,1994,3139
"(7, 136)",2017,09,8,170,137,Model A,1994,3139
"(7, 137)",2017,09,8,170,137,Model A,1994,3139
"(7, 138)",2018,02,8,833,146,Maisonette,1989,3342
"(7, 139)",2018,02,8,833,146,Maisonette,1989,3342
"(7, 140)",2018,02,8,833,146,Maisonette,1989,3342
"(7, 141)",2018,02,8,833,146,Maisonette,1989,3342
"(7, 142)",2018,02,8,833,146,Maisonette,1989,3342
"(7, 143)",2018,02,8,833,146,Maisonette,1989,3342
"(7, 144)",2018,02,8,833,146,Maisonette,1989,3342
"(7, 145)",2018,02,8,833,146,Maisonette,1989,3342
"(7, 146)",2018,02,8,833,146,Maisonette,1989,3342
"(7, 147)",2018,01,8,128,173,Apartment,1995,3353
"(7, 148)",2018,01,8,128,173,Apartment,1995,3353
"(7, 149)",2018,01,8,128,173,Apartment,1995,3353
"(7, 150)",2018,01,8,128,173,Apartment,1995,3353
"(8, 80)",2018,02,8,34,98,New Generation,1978,2582
"(8, 81)",2018,02,8,34,98,New Generation,1978,2582
"(8, 82)",2018,02,8,34,98,New Generation,1978,2582
"(8, 83)",2018,02,8,34,98,New Generation,1978,2582
"(8, 84)",2018,02,8,34,98,New Generation,1978,2582
"(8, 85)",2018,02,8,34,98,New Generation,1978,2582
"(8, 86)",2018,02,8,34,98,New Generation,1978,2582
"(8, 87)",2018,02,8,34,98,New Generation,1978,2582
"(8, 88)",2018,02,8,34,98,New Generation,1978,2582
"(8, 89)",2018,02,8,34,98,New Generation,1978,2582
"(8, 90)",2018,02,8,34,98,New Generation,1978,2582
"(8, 91)",2018,02,8,34,98,New Generation,1978,2582
"(8, 92)",2018,02,8,34,98,New Generation,1978,2582
"(8, 93)",2018,02,8,34,98,New Generation,1978,2582
"(8, 94)",2018,02,8,34,98,New Generation,1978,2582
"(8, 95)",2018,02,8,34,98,New Generation,1978,2582
"(8, 96)",2018,02,8,34,98,New Generation,1978,2582
"(8, 97)",2018,02,8,34,98,New Generation,1978,2582
"(8, 98)",2018,02,8,34,98,New Generation,1978,2582
"(8, 99)",2018,03,8,735,102,Model A,1998,2696
"(8, 100)",2018,03,8,735,102,Model A,1998,2696
"(8, 101)",2018,03,8,735,102,Model A,1998,2696
"(8, 102)",2018,03,8,735,102,Model A,1998,2696
"(8, 103)",2018,03,8,743,103,Model A2,1997,2718
"(8, 104)",2017,08,8,123,130,Improved,1985,2731
"(8, 105)",2017,08,8,123,130,Improved,1985,2731
"(8, 106)",2017,08,8,123,130,Improved,1985,2731
"(8, 107)",2017,08,8,123,130,Improved,1985,2731
"(8, 108)",2017,08,8,123,130,Improved,1985,2731
"(8, 109)",2017,08,8,123,130,Improved,1985,2731
"(8, 110)",2017,08,8,123,130,Improved,1985,2731
"(8, 111)",2017,08,8,123,130,Improved,1985,2731
"(8, 112)",2017,08,8,123,130,Improved,1985,2731
"(8, 113)",2017,08,8,123,130,Improved,1985,2731
"(8, 114)",2017,08,8,123,130,Improved,1985,2731
"(8, 115)",2017,08,8,123,130,Improved,1985,2731
"(8, 116)",2017,08,8,123,130,Improved,1985,2731
"(8, 117)",2017,08,8,123,130,Improved,1985,2731
"(8, 118)",2017,08,8,123,130,Improved,1985,2731
"(8, 119)",2017,08,8,123,130,Improved,1985,2731
"(8, 120)",2017,08,8,123,130,Improved,1985,2731
"(8, 121)",2017,08,8,123,130,Improved,1985,2731
"(8, 122)",2017,08,8,123,130,Improved,1985,2731
"(8, 123)",2017,08,8,123,130,Improved,1985,2731
"(8, 124)",2017,08,8,123,130,Improved,1985,2731
"(8, 125)",2017,08,8,123,130,Improved,1985,2731
"(8, 126)",2017,08,8,123,130,Improved,1985,2731
"(8, 127)",2017,08,8,123,130,Improved,1985,2731
"(8, 128)",2017,08,8,123,130,Improved,1985,2731
"(8, 129)",2017,08,8,123,130,Improved,1985,2731
"(8, 130)",2017,08,8,123,130,Improved,1985,2731
"(8, 131)",2017,10,8,141,134,Model A,1995,2978
"(8, 132)",2017,10,8,141,134,Model A,1995,2978
"(8, 133)",2017,10,8,141,134,Model A,1995,2978
"(8, 134)",2017,10,8,141,134,Model A,1995,2978
"(8, 135)",2018,03,8,838,149,Apartment,1988,3087
"(8, 136)",2018,03,8,838,149,Apartment,1988,3087
"(8, 137)",2018,03,8,838,149,Apartment,1988,3087
"(8, 138)",2018,03,8,838,149,Apartment,1988,3087
"(8, 139)",2018,03,8,838,149,Apartment,1988,3087
"(8, 140)",2018,03,8,838,149,Apartment,1988,3087
"(8, 141)",2018,03,8,838,149,Apartment,1988,3087
"(8, 142)",2018,03,8,838,149,Apartment,1988,3087
"(8, 143)",2018,03,8,838,149,Apartment,1988,3087
"(8, 144)",2018,03,8,838,149,Apartment,1988,3087
"(8, 145)",2018,03,8,838,149,Apartment,1988,3087
"(8, 146)",2018,03,8,838,149,Apartment,1988,3087
"(8, 147)",2018,03,8,838,149,Apartment,1988,3087
"(8, 148)",2018,03,8,838,149,Apartment,1988,3087
"(8, 149)",2018,03,8,838,149,Apartment,1988,3087
"(8, 150)",2018,01,8,128,173,Apartment,1995,3353
